{"cameraMode":{"drawMode":0,"name":"Shaded","section":"Shading Mode"},"sceneLighting":true,"audioPlay":false,"sceneViewState":{"m_AlwaysRefresh":false,"showFog":true,"showSkybox":true,"showFlares":true,"showImageEffects":true,"showParticleSystems":true,"showVisualEffectGraphs":true,"m_FxEnabled":true},"in2DMode":false,"pivot":{"x":5.801358699798584,"y":9.018388748168946,"z":-15.301826477050782},"rotation":{"x":0.04738835617899895,"y":-0.017403889447450639,"z":0.0008155684336088598,"w":0.9987812638282776},"size":0.8095642328262329,"orthographic":true}