{"cameraMode":{"drawMode":0,"name":"Shaded","section":"Shading Mode"},"sceneLighting":false,"audioPlay":false,"sceneViewState":{"m_AlwaysRefresh":false,"showFog":true,"showSkybox":false,"showFlares":true,"showImageEffects":true,"showParticleSystems":true,"showVisualEffectGraphs":true,"m_FxEnabled":true},"in2DMode":false,"pivot":{"x":-0.25600001215934756,"y":5.427999973297119,"z":-14.338000297546387},"rotation":{"x":0.16559815406799317,"y":0.2817426919937134,"z":0.049432530999183658,"w":-0.943801999092102},"size":0.7734470367431641,"orthographic":false}